Category ID,Name,Frequency,Train Count,Val Count,Minival Count
1079,tennis_racket,f,1977,387,387
995,spectacles,f,1969,334,334
951,short_pants,f,1969,379,379
967,ski_pole,f,1968,366,366
962,skateboard,f,1967,361,361
981,sock,f,1945,389,389
595,jersey,f,1945,349,349
390,drawer,f,1942,363,363
947,shirt,f,1942,341,341
88,belt,f,1941,368,368
716,necktie,f,1940,361,361
378,dog,f,1938,379,379
59,baseball_cap,f,1934,350,350
544,hat,f,1932,365,365
818,plate,f,1932,365,365
1035,sunglasses,f,1931,384,384
793,person,f,1928,390,390
232,chair,f,1927,392,392
592,jean,f,1927,379,379
207,car_(automobile),f,1926,364,364
964,ski,f,1926,377,377
1097,toilet,f,1925,357,357
1133,umbrella,f,1924,397,397
1178,wheel,f,1924,375,375
1161,watch,f,1923,368,368
139,bowl,f,1922,366,366
90,bench,f,1922,404,404
498,glass_(drink_container),f,1920,370,370
225,cat,f,1918,376,376
948,shoe,f,1916,381,381
715,necklace,f,1915,386,386
804,pillow,f,1912,407,407
1026,street_sign,f,1911,367,367
3,airplane,f,1911,349,349
1122,trousers,f,1909,390,390
451,flag,f,1908,390,390
430,faucet,f,1907,374,374
34,backpack,f,1905,397,397
556,helmet,f,1905,371,371
569,horse,f,1904,395,395
127,book,f,1903,383,383
694,mirror,f,1901,336,336
133,bottle,f,1901,381,381
642,license_plate,f,1900,340,340
1077,television_set,f,1900,369,369
982,sofa,f,1899,414,414
411,earring,f,1898,363,363
230,cellular_telephone,f,1895,385,385
1037,surfboard,f,1895,355,355
1112,traffic_light,f,1890,397,397
500,glove,f,1890,381,381
827,pole,f,1890,346,346
350,curtain,f,1890,364,364
540,handle,f,1886,394,394
1056,taillight,f,1885,352,352
177,button,f,1884,329,329
23,trash_can,f,1883,389,389
816,pizza,f,1881,391,391
1023,strap,f,1881,278,278
422,elephant,f,1878,364,364
496,giraffe,f,1877,358,358
589,jacket,f,1872,398,398
296,computer_keyboard,f,1871,379,379
615,knife,f,1868,368,368
1139,vase,f,1866,388,388
469,fork,f,1861,359,359
1050,table,f,1860,371,371
35,handbag,f,1859,367,367
1155,wall_socket,f,1855,361,361
94,bicycle,f,1852,387,387
631,laptop_computer,f,1846,412,412
271,clock,f,1844,392,392
549,headlight,f,1843,369,369
1186,windshield_wiper,f,1838,297,297
143,box,f,1828,287,287
959,signboard,f,1826,398,398
99,bird,f,1821,368,368
173,bus_(vehicle),f,1808,358,358
626,lamp,f,1802,382,382
58,baseball_bat,f,1799,342,342
713,napkin,f,1791,391,391
965,ski_boot,f,1789,311,311
45,banana,f,1787,338,338
461,flower_arrangement,f,1779,377,377
474,frisbee,f,1767,334,334
77,bed,f,1765,363,363
1027,streetlight,f,1765,369,369
118,boat,f,1758,362,362
703,motorcycle,f,1720,354,354
385,doorknob,f,1710,345,345
611,kite,f,1689,335,335
1202,zebra,f,1674,325,325
110,blanket,f,1671,379,379
146,bracelet,f,1668,309,309
181,cabinet,f,1659,352,352
961,sink,f,1635,334,334
559,hinge,f,1635,241,241
36,suitcase,f,1623,315,315
885,ring,f,1622,274,274
61,basket,f,1622,311,311
60,baseball_glove,f,1609,311,311
1052,tablecloth,f,1582,311,311
150,bread,f,1567,231,231
617,knob,f,1567,277,277
1055,tag,f,1562,263,263
502,goggles,f,1530,327,327
344,cup,f,1521,284,284
1115,train_(railroad_vehicle),f,1517,351,351
125,bolt,f,1510,249,249
392,dress,f,1488,284,284
50,banner,f,1470,269,269
898,plastic_bag,f,1469,275,275
1177,wet_suit,f,1469,252,252
1141,vent,f,1468,272,272
421,refrigerator,f,1451,311,311
80,cow,f,1420,266,266
1071,teddy_bear,f,1413,301,301
811,pipe,f,1413,243,243
132,boot,f,1406,258,258
837,flowerpot,f,1404,264,264
698,monitor_(computer_equipment) computer_monitor,f,1402,280,280
29,awning,f,1395,273,273
189,camera,f,1391,253,253
705,mouse_(computer_equipment),f,1337,289,289
445,fireplug,f,1323,259,259
154,broccoli,f,1309,278,278
1078,tennis_ball,f,1302,253,253
351,cushion,f,1240,212,212
217,carrot,f,1222,247,247
1099,tomato,f,1213,248,248
628,lampshade,f,1210,214,214
12,apple,f,1207,210,210
653,log,f,1167,199,199
968,skirt,f,1167,218,218
1110,toy,f,1149,213,213
204,bottle_cap,f,1135,201,201
194,candle,f,1132,203,203
1000,spoon,f,1127,227,227
976,snowboard,f,1124,194,194
876,rearview_mirror,f,1115,197,197
361,desk,f,1100,248,248
881,remote_control,f,1096,233,233
1060,tank_top_(clothing),f,1094,209,209
1019,stop_sign,f,1053,170,170
1021,stove,f,1037,209,209
748,painting,f,1036,230,230
330,crossbar,f,1027,155,155
911,sandal_(type_of_shoe),f,1023,175,175
1098,toilet_tissue,f,1021,212,212
1074,telephone_pole,f,1015,183,183
298,cone,f,1010,180,180
387,doughnut,f,1008,167,167
687,microwave_oven,f,999,181,181
655,speaker_(stero_equipment),f,994,210,210
1042,sweater,f,962,193,193
943,sheep,f,951,191,191
1117,tray,f,943,154,154
1190,wineglass,f,941,197,197
675,mask,f,925,158,158
272,clock_tower,f,897,197,197
614,knee_pad,f,894,152,152
645,lightbulb,f,861,180,180
252,choker,f,858,161,161
547,headband,f,854,178,178
183,cake,f,834,148,148
1045,swimsuit,f,825,129,129
735,orange_(fruit),f,824,161,161
68,bathtub,f,823,157,157
708,mug,f,814,180,180
261,cistern,f,811,131,131
835,poster,f,808,163,163
1123,truck,f,800,185,185
912,sandwich,f,782,154,154
1072,telephone,f,772,176,176
548,headboard,f,755,142,142
921,scarf,f,752,164,164
277,coat,f,746,133,133
1102,toothbrush,f,745,139,139
57,baseball,f,738,142,142
739,oven,f,731,96,96
1142,vest,f,729,94,94
297,condiment,f,717,108,108
160,bucket,f,709,144,144
923,scissors,f,707,147,147
641,lettuce,f,705,116,116
299,control,f,679,157,157
1011,steering_wheel,f,673,125,125
848,propeller,f,673,120,120
880,reflector,f,665,121,121
253,chopping_board,f,661,122,122
828,polo_shirt,f,660,141,141
1008,statue_(sculpture),f,655,119,119
734,onion,f,647,135,135
76,bear,f,646,130,130
169,bun,f,642,96,96
1108,towel,f,636,118,118
1162,water_bottle,f,630,141,141
621,ladder,f,629,117,117
1198,wristlet,f,623,128,128
75,beanie,f,605,92,92
627,lamppost,f,595,132,132
285,coffee_table,f,592,142,142
1043,sweatshirt,f,588,115,115
429,fan,f,575,137,137
379,dog_collar,f,574,111,111
1109,towel_rack,f,570,112,112
19,armchair,f,561,111,111
563,home_plate_(baseball),f,545,86,86
409,earphone,f,542,107,107
1188,wine_bottle,f,531,119,119
817,place_mat,f,529,125,125
444,fireplace,f,525,102,102
1064,tarp,f,522,89,89
899,saddle_(on_an_animal),f,521,112,112
1024,straw_(for_drinking),f,507,116,116
11,antenna,f,505,93,93
800,pickup_truck,f,502,85,85
15,apron,f,500,98,98
137,bow_(decorative_ribbons),f,494,92,92
979,soap,f,491,130,130
766,parking_meter,f,489,104,104
609,kitchen_sink,f,489,123,123
836,pot,f,479,96,96
757,paper_towel,f,468,95,95
692,minivan,f,454,102,102
719,newspaper,f,448,63,63
192,can,f,445,83,83
980,soccer_ball,f,432,75,75
95,visor,f,430,87,87
591,jar,f,423,62,62
700,motor,f,421,75,75
630,lanyard,f,418,84,84
709,mushroom,f,407,85,85
966,ski_parka,f,401,75,75
860,quilt,f,386,71,71
955,shower_head,f,381,72,72
957,shower_curtain,f,381,74,74
89,belt_buckle,f,367,53,53
2,air_conditioner,f,364,65,65
517,grill,f,363,53,53
910,saltshaker,f,361,77,77
676,mast,f,354,68,68
452,flagpole,f,353,70,70
66,bath_towel,f,349,80,80
900,saddle_blanket,f,347,58,58
459,flip-flop_(sandal),f,346,50,50
896,rubber_band,f,342,59,59
639,lemon,f,341,78,78
781,pen,f,339,63,63
658,magazine,f,338,84,84
659,magnet,f,334,67,67
1025,strawberry,f,333,72,72
87,bell_pepper,f,333,54,54
756,paper_plate,f,328,60,60
83,beer_bottle,f,322,66,66
1093,tissue_paper,f,316,48,48
32,baby_buggy,f,314,67,67
373,dishwasher,f,312,73,73
993,spatula,f,308,65,65
838,potato,f,307,62,62
1017,stirrup,f,305,48,48
41,ball,f,305,51,51
56,baseball_base,f,303,63,63
1018,stool,f,297,63,63
570,hose,f,294,53,53
706,mousepad,f,293,55,55
566,hook,f,285,44,44
685,microphone,f,273,60,60
115,blouse,f,271,51,51
375,dispenser,f,271,44,44
1091,tinfoil,f,270,59,59
65,bath_mat,f,270,52,52
305,cooler_(for_food),f,266,63,63
235,chandelier,f,263,48,48
704,mound_(baseball),f,261,47,47
668,manhole,f,260,40,40
171,buoy,f,255,44,44
338,crumb,f,249,40,40
346,cupboard,f,249,48,48
814,pitcher_(vessel_for_liquid),f,248,70,70
96,billboard,f,247,37,37
915,saucer,f,247,48,48
404,duffel_bag,f,247,41,41
324,crate,f,245,50,50
104,birthday_cake,f,244,49,49
112,blender,f,243,54,54
114,blinker,f,242,49,49
284,coffee_maker,f,238,46,46
342,cucumber,f,236,54,54
358,deck_chair,f,236,40,40
138,bow-tie,f,234,42,42
510,grape,f,233,45,45
86,bell,f,231,39,39
751,pan_(for_cooking),f,229,61,61
771,pastry,f,228,56,56
644,life_jacket,f,227,35,35
367,dining_table,f,227,70,70
701,motor_scooter,f,226,47,47
1095,toaster,f,224,54,54
1020,brake_light,f,223,45,45
633,latch,f,221,42,42
916,sausage,f,221,52,52
799,pickle,f,221,45,45
832,pop_(soda),f,218,42,42
319,cowboy_hat,f,216,41,41
679,mattress,f,215,48,48
528,ham,f,214,46,46
255,Christmas_tree,f,210,53,53
43,balloon,f,210,31,31
903,sail,f,207,47,47
276,coaster,f,202,43,43
437,figurine,f,202,30,30
536,hand_towel,f,200,40,40
521,guitar,f,199,35,35
605,key,f,195,43,43
845,printer,f,194,55,55
565,fume_hood,f,193,33,33
1173,weathervane,f,193,39,39
401,duck,f,192,30,30
415,egg,f,191,43,43
724,notebook,f,189,45,45
643,life_buoy,f,188,32,32
1103,toothpaste,f,187,35,35
53,barrel,f,186,20,20
806,pineapple,f,186,36,36
865,radiator,f,180,35,35
195,candle_holder,f,177,31,31
185,calendar,f,174,42,42
1100,tongs,f,172,26,26
254,chopstick,f,168,32,32
303,cookie,f,166,26,26
259,cigarette,f,159,38,38
208,railcar_(part_of_a_train),f,159,33,33
919,scale_(measuring_instrument),f,158,37,37
178,cab_(taxi),f,158,33,33
175,butter,f,158,42,42
578,polar_bear,f,154,28,28
782,pencil,f,153,27,27
1033,suit_(clothing),f,151,18,18
4,alarm_clock,f,149,25,25
1104,toothpick,f,147,21,21
986,soup,f,146,45,45
924,scoreboard,f,143,26,26
1114,trailer_truck,f,143,27,27
442,fire_extinguisher,f,141,31,31
81,beef_(food),f,140,26,26
949,shopping_bag,f,139,30,30
347,cupcake,f,139,43,43
1136,urinal,f,139,39,39
1083,thermostat,f,138,25,25
48,bandanna,f,138,24,24
1059,tank_(storage_vessel),f,137,20,20
1105,cover,f,136,25,25
1070,teapot,f,135,25,25
953,shoulder_bag,f,134,30,30
1061,tape_(sticky_cloth_or_paper),f,134,22,22
624,lamb_(animal),f,134,17,17
372,dishtowel,f,134,25,25
309,edible_corn,f,133,34,34
226,cauliflower,f,133,20,20
669,map,f,131,24,24
440,fire_alarm,f,130,36,36
477,frying_pan,f,128,19,19
1197,wristband,f,128,25,25
670,marker,f,128,21,21
927,scrubbing_brush,f,126,25,25
586,iPod,f,126,30,30
79,bedspread,f,125,17,17
203,cap_(headwear),f,125,5,5
514,green_bean,f,124,28,28
534,hair_dryer,f,123,27,27
524,hairbrush,f,121,21,21
738,ottoman,f,121,34,34
380,doll,f,120,36,36
441,fire_engine,f,119,25,25
745,paddle,f,118,16,16
27,avocado,f,117,24,24
789,pepper,f,116,32,32
647,lime,f,115,24,24
395,dresser,f,115,27,27
1172,watermelon,f,114,18,18
798,piano,f,114,20,20
1191,blinder_(for_horses),f,113,21,21
1156,wallet,f,113,24,24
1134,underwear,f,113,11,11
447,fish,f,113,23,23
229,celery,f,110,21,21
728,oar,f,110,19,19
776,pear,f,109,28,28
904,salad,f,108,27,27
689,milk,f,107,16,16
394,dress_suit,f,106,13,13
369,dish,f,106,21,21
1096,toaster_oven,f,105,13,13
749,pajamas,f,105,27,27
109,blackboard,f,104,25,25
116,blueberry,f,104,27,27
152,bridal_gown,f,103,23,23
377,Dixie_cup,f,103,19,19
218,tote_bag,f,103,28,28
726,nut,f,103,11,11
661,mailbox_(at_home),f,102,22,22
306,cork_(bottle_plug),f,101,20,20
515,green_onion,f,101,18,18
1121,tripod,f,101,21,21
736,orange_juice,c,100,15,15
604,kettle,c,100,22,22
501,goat,c,99,20,20
866,radio_receiver,c,99,21,21
746,padlock,c,99,18,18
24,ashtray,c,98,30,30
522,gull,c,97,18,18
550,headscarf,c,96,22,22
186,calf,c,95,15,15
312,cornice,c,95,15,15
267,clip,c,95,14,14
148,brassiere,c,95,20,20
97,binder,c,94,21,21
768,passenger_car_(part_of_a_train),c,93,13,13
156,broom,c,92,19,19
843,prawn,c,92,13,13
935,shampoo,c,91,28,28
1175,wedding_cake,c,91,19,19
667,manger,c,91,18,18
537,handcart,c,91,15,15
696,mixer_(kitchen_tool),c,91,16,16
190,camera_lens,c,90,14,14
558,highchair,c,90,7,7
622,ladle,c,89,17,17
239,cherry,c,87,18,18
802,pigeon,c,87,10,10
1179,wheelchair,c,87,10,10
129,booklet,c,86,14,14
999,sponge,c,85,13,13
198,walking_cane,c,84,16,16
1034,sunflower,c,82,17,17
162,bull,c,82,14,14
424,envelope,c,82,19,19
92,bib,c,81,12,12
370,dish_antenna,c,81,11,11
1203,zucchini,c,81,17,17
613,kiwi_fruit,c,81,20,20
176,butterfly,c,80,13,13
841,pouch,c,80,10,10
854,pumpkin,c,80,13,13
794,pet,c,79,17,17
455,flap,c,77,6,6
1180,whipped_cream,c,77,12,12
773,pea_(food),c,76,19,19
928,sculpture,c,76,14,14
636,legging_(clothing),c,76,12,12
54,barrette,c,76,9,9
584,igniter,c,75,16,16
552,headstall_(for_horses),c,74,10,10
699,monkey,c,74,12,12
954,shovel,c,74,14,14
725,notepad,c,74,18,18
740,overalls_(clothing),c,73,13,13
1195,wreath,c,73,14,14
762,parasail_(sports),c,72,15,15
539,handkerchief,c,72,7,7
753,pancake,c,72,13,13
206,cappuccino,c,72,17,17
241,chicken_(animal),c,71,6,6
335,crucifix,c,71,7,7
723,noseband_(for_animals),c,71,10,10
680,measuring_cup,c,71,12,12
774,peach,c,71,14,14
1151,wagon,c,70,9,9
872,raspberry,c,70,16,16
128,bookcase,c,70,14,14
25,asparagus,c,70,15,15
1185,window_box_(for_plants),c,70,14,14
1164,water_faucet,c,69,15,15
363,diaper,c,69,11,11
790,pepper_mill,c,69,16,16
1041,sweatband,c,69,17,17
1066,tassel,c,68,11,11
464,folding_chair,c,67,12,12
334,crown,c,67,16,16
1085,thread,c,67,13,13
553,heart,c,66,16,16
386,doormat,c,66,22,22
579,icecream,c,66,6,6
256,slide,c,65,19,19
1006,stapler_(stapling_machine),c,65,8,8
861,rabbit,c,65,9,9
487,garlic,c,65,17,17
1076,television_camera,c,65,4,4
406,dumpster,c,64,15,15
1,aerosol_can,c,64,8,8
922,school_bus,c,64,18,18
220,carton,c,63,18,18
1022,strainer,c,63,13,13
145,suspenders,c,63,15,15
507,goose,c,63,4,4
707,muffin,c,62,15,15
801,pie,c,62,9,9
744,pad,c,62,13,13
1111,tractor_(farm_equipment),c,61,11,11
165,bullet_train,c,61,21,21
877,receipt,c,61,7,7
695,mitten,c,61,12,12
84,beer_can,c,60,12,12
1002,spotlight,c,60,11,11
7,almond,c,59,14,14
493,giant_panda,c,59,12,12
973,slipper_(footwear),c,58,13,13
839,potholder,c,57,7,7
184,calculator,c,57,22,22
554,heater,c,57,11,11
1051,table_lamp,c,56,12,12
970,sled,c,56,6,6
546,veil,c,56,9,9
1194,wooden_spoon,c,56,13,13
889,rocking_chair,c,55,13,13
199,canister,c,55,7,7
511,grater,c,54,9,9
1014,stereo_(sound_system),c,54,13,13
322,cracker,c,54,14,14
1160,automatic_washer,c,54,10,10
436,fighter_jet,c,54,15,15
870,raincoat,c,52,9,9
847,projector,c,52,14,14
1046,sword,c,52,11,11
1200,yogurt,c,52,7,7
1009,steak_(food),c,51,14,14
47,bandage,c,51,9,9
166,bulletin_board,c,51,10,10
1169,water_ski,c,50,5,5
1065,tartan,c,50,4,4
1090,timer,c,50,11,11
819,platter,c,50,7,7
499,globe,c,50,13,13
153,briefcase,c,50,11,11
1073,telephone_booth,c,50,8,8
562,hog,c,50,16,16
111,blazer,c,49,10,10
741,owl,c,49,11,11
315,costume,c,49,7,7
926,screwdriver,c,49,13,13
867,radish,c,49,14,14
70,battery,c,48,9,9
120,bobbin,c,48,10,10
494,gift_wrap,c,48,11,11
629,lantern,c,48,12,12
337,police_cruiser,c,48,10,10
1154,wall_clock,c,48,16,16
529,hamburger,c,48,5,5
1182,wig,c,47,8,8
1184,windmill,c,47,4,4
37,bagel,c,47,13,13
767,parrot,c,47,5,5
893,rolling_pin,c,47,11,11
737,ostrich,c,47,8,8
1140,vending_machine,c,47,12,12
786,penguin,c,47,8,8
26,atomizer,c,46,9,9
290,coleslaw,c,46,5,5
697,money,c,46,11,11
393,dress_hat,c,46,10,10
419,eggplant,c,46,4,4
1152,wagon_wheel,c,46,9,9
246,crisp_(potato_chip),c,45,8,8
996,spice_rack,c,45,11,11
1170,water_tower,c,45,10,10
1127,turban,c,44,5,5
359,deer,c,44,9,9
18,armband,c,44,8,8
1125,trunk,c,44,10,10
555,helicopter,c,44,8,8
278,coat_hanger,c,44,18,18
649,lion,c,43,13,13
950,shopping_cart,c,43,8,8
681,measuring_stick,c,43,6,6
288,coin,c,42,13,13
72,bead,c,42,11,11
475,frog,c,42,7,7
612,kitten,c,42,8,8
67,bathrobe,c,42,7,7
263,clasp,c,42,9,9
28,award,c,41,13,13
417,egg_yolk,c,41,10,10
1094,toast_(food),c,41,13,13
103,birdhouse,c,41,3,3
1036,sunhat,c,41,14,14
484,garden_hose,c,41,8,8
62,basketball,c,41,9,9
1107,tow_truck,c,41,4,4
107,black_sheep,c,40,7,7
747,paintbrush,c,40,7,7
122,boiled_egg,c,40,6,6
108,blackberry,c,40,10,10
1068,teacup,c,40,9,9
408,eagle,c,40,6,6
191,camper_(vehicle),c,40,8,8
932,seashell,c,39,9,9
673,mashed_potato,c,39,15,15
418,eggbeater,c,39,13,13
311,cornet,c,38,10,10
593,jeep,c,38,9,9
158,brussels_sprouts,c,37,7,7
1089,tights_(clothing),c,37,10,10
457,flashlight,c,37,6,6
601,kayak,c,37,6,6
124,deadbolt,c,37,7,7
1138,vacuum_cleaner,c,37,11,11
412,easel,c,36,5,5
44,bamboo,c,36,12,12
1013,step_stool,c,36,5,5
833,postbox_(public),c,36,10,10
1082,thermos_bottle,c,36,7,7
512,gravestone,c,36,7,7
871,ram_(animal),c,36,12,12
328,crib,c,36,6,6
901,saddlebag,c,35,6,6
1069,teakettle,c,35,4,4
1040,sweat_pants,c,35,5,5
216,horse_carriage,c,35,8,8
212,card,c,35,11,11
141,bowler_hat,c,35,7,7
450,fishing_rod,c,35,7,7
596,jet_plane,c,35,10,10
327,crescent_roll,c,35,8,8
863,racket,c,35,7,7
906,salami,c,34,3,3
683,medicine,c,34,13,13
1106,tortilla,c,34,4,4
293,pacifier,c,34,13,13
1088,tiger,c,33,7,7
22,artichoke,c,33,3,3
16,aquarium,c,33,10,10
1196,wrench,c,32,14,14
523,gun,c,32,3,3
268,clipboard,c,32,8,8
473,freshener,c,32,3,3
329,crock_pot,c,32,6,6
888,robe,c,32,5,5
433,Ferris_wheel,c,32,9,9
438,file_cabinet,c,32,9,9
249,chocolate_cake,c,32,5,5
174,business_card,c,31,6,6
1176,wedding_ring,c,31,6,6
1163,water_cooler,c,31,9,9
260,cigarette_case,c,31,4,4
977,snowman,c,31,6,6
273,clothes_hamper,c,31,7,7
33,basketball_backboard,c,31,7,7
677,mat_(gym_equipment),c,31,4,4
1128,turkey_(food),c,31,8,8
519,grizzly,c,30,6,6
1168,water_scooter,c,30,3,3
775,peanut_butter,c,30,10,10
336,cruise_ship,c,30,6,6
200,canoe,c,30,12,12
882,rhinoceros,c,29,5,5
5,alcohol,c,29,14,14
874,razorblade,c,29,5,5
895,router_(computer_equipment),c,29,6,6
443,fire_hose,c,29,10,10
340,cub_(animal),c,29,9,9
1149,waffle,c,29,11,11
384,domestic_ass,c,29,7,7
1062,tape_measure,c,29,7,7
1081,thermometer,c,29,5,5
1101,toolbox,c,28,7,7
485,gargle,c,28,3,3
466,football_(American),c,28,6,6
960,silo,c,28,8,8
399,drum_(musical_instrument),c,28,4,4
666,mandarin_orange,c,28,10,10
868,raft,c,28,9,9
682,meatball,c,28,3,3
135,bouquet,c,28,3,3
221,cash_register,c,28,6,6
219,cart,c,28,10,10
1171,watering_can,c,28,5,5
984,solar_array,c,28,6,6
10,anklet,c,28,7,7
656,loveseat,c,28,11,11
840,pottery,c,28,6,6
821,pliers,c,28,6,6
468,footstool,c,27,5,5
228,CD_player,c,27,5,5
264,cleansing_agent,c,27,11,11
187,camcorder,c,27,6,6
55,barrow,c,26,3,3
6,alligator,c,26,1,1
530,hammer,c,26,7,7
280,cock,c,26,8,8
286,coffeepot,c,26,6,6
1086,thumbtack,c,26,3,3
1192,wok,c,26,5,5
780,pelican,c,26,9,9
102,birdcage,c,25,7,7
345,trophy_cup,c,25,6,6
283,coconut,c,25,5,5
732,olive_oil,c,25,6,6
463,foal,c,25,4,4
1087,tiara,c,25,5,5
201,cantaloup,c,25,3,3
897,runner_(carpet),c,25,3,3
830,pony,c,25,12,12
988,soupspoon,c,25,7,7
875,reamer_(juicer),c,24,5,5
1143,videotape,c,24,2,2
490,gelatin,c,24,4,4
73,bean_curd,c,24,10,10
170,bunk_bed,c,24,2,2
608,kimono,c,24,3,3
587,iron_(for_clothing),c,24,6,6
581,ice_maker,c,24,7,7
760,parachute,c,24,5,5
573,hot_sauce,c,24,13,13
1038,sushi,c,24,4,4
846,projectile_(weapon),c,23,7,7
462,flute_glass,c,23,6,6
248,chocolate_bar,c,23,3,3
274,clothespin,c,23,4,4
742,packet,c,23,4,4
489,gazelle,c,23,6,6
588,ironing_board,c,22,4,4
637,Lego,c,22,9,9
989,sour_cream,c,22,3,3
1063,tapestry,c,22,4,4
1039,mop,c,22,8,8
188,camel,c,22,3,3
8,ambulance,c,22,2,2
98,binoculars,c,21,2,2
1183,wind_chime,c,21,2,2
193,can_opener,c,21,4,4
403,duct_tape,c,21,3,3
750,palette,c,21,6,6
1044,sweet_potato,c,21,5,5
1174,webcam,c,21,11,11
1130,turtle,c,20,5,5
564,honey,c,20,3,3
844,pretzel,c,20,2,2
797,phonograph_record,c,20,6,6
460,flipper_(footwear),c,19,2,2
465,food_processor,c,19,4,4
1187,windsock,c,19,6,6
157,brownie,c,19,6,6
205,cape,c,19,7,7
946,shield,c,19,6,6
391,underdrawers,c,19,4,4
360,dental_floss,c,19,1,1
396,drill,c,19,2,2
505,golfcart,c,19,4,4
453,flamingo,c,18,4,4
1113,dirt_bike,c,18,6,6
483,garbage_truck,c,18,3,3
878,recliner,c,18,4,4
425,eraser,c,18,8,8
243,chili_(vegetable),c,18,3,3
879,record_player,c,18,4,4
825,pocketknife,c,18,1,1
213,cardigan,c,18,1,1
940,shaving_cream,c,18,5,5
721,nightshirt,c,18,3,3
807,pinecone,c,18,6,6
497,cincture,c,18,3,3
91,beret,c,18,1,1
520,grocery_bag,c,18,3,3
46,Band_Aid,c,17,0,0
197,candy_cane,c,17,2,2
765,parka,c,17,4,4
763,parasol,c,17,5,5
476,fruit_juice,c,17,1,1
971,sleeping_bag,c,17,3,3
495,ginger,c,17,4,4
149,bread-bin,c,17,5,5
371,dishrag,c,17,0,0
978,snowmobile,c,16,1,1
1004,squirrel,c,16,2,2
576,hummingbird,c,16,1,1
318,cowbell,c,16,4,4
590,jam,c,16,2,2
711,musical_instrument,c,16,1,1
448,fish_(food),c,16,3,3
1067,tea_bag,c,16,2,2
684,melon,c,16,4,4
718,nest,c,16,2,2
227,cayenne_(spice),c,16,3,3
963,skewer,c,16,5,5
525,hairnet,c,16,3,3
100,birdfeeder,c,16,4,4
74,beanbag,c,16,8,8
834,postcard,c,16,0,0
857,puppy,c,15,9,9
652,lizard,c,15,4,4
654,lollipop,c,15,5,5
163,bulldog,c,15,0,0
660,mail_slot,c,15,4,4
623,ladybug,c,15,2,2
134,bottle_opener,c,15,3,3
343,cufflink,c,15,4,4
731,oil_lamp,c,15,1,1
936,shark,c,14,5,5
826,poker_(fire_stirring_tool),c,14,2,2
650,lip_balm,c,14,2,2
1153,walking_stick,c,14,4,4
1147,volleyball,c,14,3,3
279,coatrack,c,14,2,2
308,corkscrew,c,14,6,6
454,flannel,c,14,2,2
777,peeler_(tool_for_fruit_and_vegetables),c,14,2,2
600,jumpsuit,c,14,1,1
795,pew_(church_bench),c,14,1,1
224,cast,c,14,2,2
884,rifle,c,14,0,0
341,cube,c,14,1,1
121,bobby_pin,c,14,1,1
1132,typewriter,c,13,2,2
471,freight_car,c,13,5,5
472,French_toast,c,13,2,2
339,crutch,c,13,2,2
909,salsa,c,13,2,2
717,needle,c,13,3,3
242,chickpea,c,13,2,2
531,hammock,c,13,6,6
211,identity_card,c,13,5,5
791,perfume,c,13,5,5
1007,starfish,c,13,2,2
383,dolphin,c,13,1,1
934,shaker,c,13,5,5
289,colander,c,13,2,2
598,jewelry,c,13,4,4
168,bullhorn,c,13,2,2
997,spider,c,12,1,1
314,corset,c,12,2,2
907,salmon_(fish),c,12,2,2
526,hairpin,c,12,5,5
813,pita_(bread),c,12,2,2
101,birdbath,c,12,3,3
325,crayon,c,12,4,4
180,cabin_car,c,12,3,3
9,amplifier,c,12,2,2
1092,tinsel,c,12,5,5
720,newsstand,c,12,3,3
402,duckling,c,12,0,0
1137,urn,c,12,2,2
332,crow,c,12,4,4
1199,yacht,c,12,0,0
770,passport,c,12,4,4
607,kilt,c,12,0,0
320,crab_(animal),c,12,4,4
933,sewing_machine,c,11,4,4
1189,wine_bucket,c,11,5,5
842,power_shovel,c,11,2,2
761,parakeet,c,11,5,5
929,seabird,c,11,3,3
930,seahorse,c,11,1,1
470,forklift,c,11,4,4
1001,sportswear,c,11,1,1
64,bat_(animal),c,11,1,1
504,golf_club,c,11,2,2
434,ferry,c,11,3,3
356,dartboard,c,11,1,1
1131,turtleneck_(clothing),c,11,1,1
1181,whistle,c,11,1,1
1166,water_jug,c,11,2,2
1201,yoke_(animal_equipment),c,11,3,3
423,elk,c,11,4,4
1120,tricycle,c,11,5,5
533,hamster,c,11,0,0
236,chap,r,10,2,2
702,motor_vehicle,r,10,0,0
634,lawn_mower,r,10,3,3
859,quiche,r,10,1,1
991,space_shuttle,r,10,2,2
908,salmon_(food),r,10,2,2
618,knocker_(on_a_door),r,10,2,2
892,Rollerblade,r,10,2,2
891,roller_skate,r,10,1,1
638,legume,r,10,5,5
610,kitchen_table,r,10,7,7
1145,violin,r,10,2,2
755,papaya,r,10,7,7
1159,washbasin,r,10,2,2
939,shaver_(electric),r,10,2,2
831,pool_table,r,10,1,1
672,mascot,r,10,0,0
14,apricot,r,10,0,0
678,matchbox,r,10,2,2
764,parchment,r,10,1,1
331,crouton,r,10,3,3
480,futon,r,10,4,4
513,gravy_boat,r,10,2,2
822,plow_(farm_equipment),r,10,3,3
479,funnel,r,9,2,2
240,chessboard,r,9,1,1
538,handcuff,r,9,2,2
21,armor,r,9,2,2
1031,sugar_bowl,r,9,4,4
400,drumstick,r,9,2,2
161,horse_buggy,r,9,6,6
353,cymbal,r,9,0,0
754,pantyhose,r,9,3,3
941,shawl,r,9,1,1
693,mint_candy,r,9,3,3
730,octopus_(animal),r,9,0,0
482,garbage,r,9,4,4
488,gasmask,r,9,1,1
599,joystick,r,9,1,1
974,smoothie,r,9,2,2
172,burrito,r,9,2,2
992,sparkler_(fireworks),r,9,1,1
663,mallet,r,8,4,4
883,rib_(food),r,8,0,0
214,cargo_ship,r,8,2,2
20,armoire,r,8,1,1
365,die,r,8,5,5
292,combination_lock,r,8,0,0
975,snake,r,8,0,0
374,dishwasher_detergent,r,8,0,0
577,hummus,r,8,0,0
779,pegboard,r,8,0,0
787,pennant,r,8,1,1
233,chaise_longue,r,8,0,0
785,pendulum,r,8,1,1
144,boxing_glove,r,8,0,0
829,poncho,r,8,2,2
619,koala,r,8,1,1
431,fedora,r,8,0,0
853,pug-dog,r,8,0,0
456,flash,r,8,2,2
117,gameboard,r,8,3,3
560,hippopotamus,r,8,4,4
918,saxophone,r,8,0,0
1016,stirrer,r,8,4,4
733,omelet,r,7,5,5
712,nailfile,r,7,0,0
1053,tachometer,r,7,1,1
209,elevator_car,r,7,1,1
182,locker,r,7,0,0
635,leather,r,7,1,1
752,pan_(metal_container),r,7,1,1
326,cream_pitcher,r,7,2,2
812,pistol,r,7,1,1
810,tobacco_pipe,r,7,1,1
796,phonebook,r,7,1,1
1116,trampoline,r,7,3,3
1165,water_heater,r,7,2,2
535,hand_glass,r,7,2,2
130,bookmark,r,7,1,1
1129,turnip,r,7,2,2
427,eyepatch,r,7,1,1
30,ax,r,7,2,2
551,headset,r,7,3,3
449,fishbowl,r,7,1,1
105,birthday_card,r,7,0,0
985,sombrero,r,7,1,1
805,pin_(non_jewelry),r,7,4,4
362,detergent,r,7,3,3
902,safety_pin,r,7,0,0
620,lab_coat,r,7,3,3
407,dustpan,r,7,3,3
223,cassette,r,7,1,1
616,knitting_needle,r,7,0,0
585,inhaler,r,6,0,0
958,shredder_(for_paper),r,6,0,0
942,shears,r,6,3,3
788,penny_(coin),r,6,1,1
1118,trench_coat,r,6,1,1
873,rat,r,6,2,2
136,bow_(weapon),r,6,2,2
155,broach,r,6,1,1
416,egg_roll,r,6,5,5
126,bonnet,r,6,4,4
42,ballet_skirt,r,6,0,0
405,dumbbell,r,6,2,2
69,batter_(food),r,6,1,1
509,gourd,r,6,1,1
710,music_stool,r,6,0,0
307,corkboard,r,6,1,1
646,lightning_rod,r,6,0,0
215,carnation,r,6,0,0
368,tux,r,6,1,1
651,liquor,r,6,2,2
792,persimmon,r,6,0,0
317,coverall,r,5,1,1
131,boom_microphone,r,5,2,2
323,crape,r,5,2,2
1193,wolf,r,5,2,2
1047,syringe,r,5,1,1
729,octopus_(food),r,5,0,0
1029,stylus,r,5,0,0
366,dinghy,r,5,3,3
222,casserole,r,5,4,4
266,clementine,r,5,1,1
914,saucepan,r,5,2,2
1058,army_tank,r,5,0,0
508,gorilla,r,5,0,0
287,coil,r,5,0,0
294,comic_book,r,5,1,1
864,radar,r,5,0,0
1049,table-tennis_table,r,5,2,2
952,shot_glass,r,5,4,4
983,softball,r,5,1,1
1048,Tabasco_sauce,r,5,1,1
167,bulletproof_vest,r,5,1,1
772,patty_(food),r,5,0,0
1015,stew,r,5,0,0
937,sharpener,r,5,1,1
632,lasagna,r,5,1,1
1012,stepladder,r,5,5,5
561,hockey_stick,r,5,2,2
572,hotplate,r,5,1,1
245,chinaware,r,5,0,0
142,bowling_ball,r,5,2,2
648,limousine,r,5,2,2
824,pocket_watch,r,5,0,0
823,plume,r,5,0,0
316,cougar,r,5,1,1
803,piggy_bank,r,4,1,1
13,applesauce,r,4,1,1
1150,waffle_iron,r,4,1,1
1084,thimble,r,4,0,0
82,beeper,r,4,0,0
257,cider,r,4,0,0
250,chocolate_milk,r,4,0,0
994,spear,r,4,1,1
815,pitchfork,r,4,0,0
541,handsaw,r,4,4,4
532,hamper,r,4,1,1
467,football_helmet,r,4,0,0
931,seaplane,r,4,0,0
413,eclair,r,4,1,1
625,lamb-chop,r,4,1,1
917,sawhorse,r,4,1,1
357,date_(fruit),r,4,1,1
231,chain_mail,r,4,0,0
481,gag,r,4,0,0
301,sofa_bed,r,4,0,0
196,candy_bar,r,4,2,2
688,milestone,r,4,1,1
147,brass_plaque,r,4,1,1
159,bubble_gum,r,4,1,1
722,nosebag_(for_animals),r,4,1,1
743,inkpad,r,4,0,0
603,kennel,r,4,1,1
583,ice_skate,r,4,0,0
63,bass_horn,r,4,1,1
1148,vulture,r,4,1,1
808,ping-pong_ball,r,4,0,0
545,hatbox,r,4,0,0
432,ferret,r,4,1,1
435,fig_(fruit),r,4,2,2
557,heron,r,4,2,2
428,falcon,r,3,1,1
439,file_(tool),r,3,0,0
503,goldfish,r,3,0,0
49,banjo,r,3,0,0
51,barbell,r,3,1,1
39,baguet,r,3,0,0
38,bagpipe,r,3,0,0
1146,vodka,r,3,0,0
1126,vat,r,3,0,0
300,convertible_(automobile),r,3,0,0
671,martini,r,3,1,1
602,keg,r,3,1,1
571,hot-air_balloon,r,3,0,0
594,jelly_bean,r,3,0,0
164,bulldozer,r,3,1,1
567,hookah,r,3,0,0
727,nutcracker,r,3,0,0
486,gargoyle,r,3,2,2
809,pinwheel,r,3,0,0
784,pencil_sharpener,r,3,3,3
855,puncher,r,3,0,0
856,puppet,r,3,0,0
862,race_car,r,3,0,0
920,scarecrow,r,3,1,1
355,dalmatian,r,3,0,0
506,gondola_(boat),r,3,1,1
516,griddle,r,3,1,1
518,grits,r,3,0,0
820,playpen,r,3,1,1
938,Sharpie,r,3,2,2
887,road_map,r,3,1,1
894,root_beer,r,3,0,0
238,checkerboard,r,3,1,1
389,dragonfly,r,3,2,2
71,beachball,r,3,3,3
17,arctic_(type_of_shoe),r,3,0,0
85,beetle,r,2,0,0
492,generator,r,2,0,0
527,halter_top,r,2,0,0
446,first-aid_kit,r,2,0,0
265,cleat_(for_securing_rope),r,2,0,0
237,checkbook,r,2,0,0
244,chime,r,2,0,0
849,prune,r,2,0,0
759,paperweight,r,2,1,1
783,pencil_box,r,2,1,1
258,cigar_box,r,2,0,0
886,river_boat,r,2,1,1
657,machine_gun,r,2,1,1
852,puffin,r,2,1,1
858,quesadilla,r,2,0,0
304,cooking_utensil,r,2,0,0
310,cornbread,r,2,2,2
674,masher,r,2,0,0
348,hair_curler,r,2,2,2
349,curling_iron,r,2,1,1
944,shepherd_dog,r,2,1,1
364,diary,r,2,1,1
376,diving_board,r,2,0,0
905,salad_plate,r,2,0,0
913,satchel,r,2,1,1
686,microscope,r,2,2,2
397,drone,r,2,0,0
410,earplug,r,2,2,2
714,neckerchief,r,2,0,0
1054,taco,r,2,0,0
113,blimp,r,2,0,0
850,pudding,r,2,0,0
179,cabana,r,2,0,0
690,milk_can,r,2,0,0
574,hourglass,r,2,0,0
575,houseboat,r,2,0,0
202,canteen,r,2,0,0
1032,sugarcane_(plant),r,2,0,0
151,breechcloth,r,2,0,0
282,cocoa_(beverage),r,2,2,2
1080,tequila,r,2,0,0
78,bedpan,r,2,0,0
52,barge,r,2,0,0
1135,unicycle,r,2,0,0
381,dollar,r,2,1,1
382,dollhouse,r,2,0,0
1167,water_gun,r,1,0,0
1157,walrus,r,1,0,0
1158,wardrobe,r,1,0,0
40,bait,r,1,0,0
388,dove,r,1,0,0
270,cloak,r,1,0,0
275,clutch_bag,r,1,0,0
542,hardback_book,r,1,0,0
543,harmonium,r,1,2,2
987,soup_bowl,r,1,0,0
990,soya_milk,r,1,0,0
998,crawfish,r,1,0,0
1003,squid_(food),r,1,0,0
1005,stagecoach,r,1,0,0
1010,steak_knife,r,1,0,0
969,skullcap,r,1,0,0
972,sling_(bandage),r,1,0,0
580,popsicle,r,1,1,1
582,ice_pack,r,1,0,0
597,jewel,r,1,0,0
606,keycard,r,1,0,0
1057,tambourine,r,1,1,1
106,pirate_flag,r,1,1,1
398,dropper,r,1,2,2
414,eel,r,1,0,0
420,electric_chair,r,1,0,0
1028,string_cheese,r,1,1,1
1030,subwoofer,r,1,3,3
691,milkshake,r,1,1,1
664,mammoth,r,1,0,0
640,lemonade,r,1,0,0
333,crowbar,r,1,0,0
352,cylinder,r,1,1,1
354,dagger,r,1,0,0
851,puffer_(fish),r,1,0,0
302,cooker,r,1,0,0
313,cornmeal,r,1,0,0
321,crabmeat,r,1,0,0
869,rag_doll,r,1,0,0
247,poker_chip,r,1,0,0
251,chocolate_mousse,r,1,1,1
262,clarinet,r,1,0,0
890,rodent,r,1,0,0
662,mallard,r,1,0,0
234,chalice,r,1,0,0
295,compass,r,1,1,1
758,paperback_book,r,1,1,1
769,passenger_ship,r,1,0,0
778,wooden_leg,r,1,0,0
458,fleece,r,1,0,0
478,fudge,r,1,0,0
1119,triangle_(musical_instrument),r,1,0,0
665,manatee,r,1,0,0
119,bob,r,1,0,0
123,bolo_tie,r,1,1,1
93,Bible,r,1,1,1
491,gemstone,r,1,0,0
426,escargot,r,1,0,0
269,clippers_(for_plants),r,1,0,0
1144,vinegar,r,1,3,3
1124,truffle_(chocolate),r,1,0,0
31,baboon,r,1,0,0
281,cockroach,r,1,0,0
291,coloring_material,r,1,1,1
1075,telephoto_lens,r,1,0,0
925,scraper,r,1,0,0
210,car_battery,r,1,0,0
140,pipe_bowl,r,1,0,0
568,hornet,r,1,0,0
945,sherbert,r,1,0,0
956,shower_cap,r,1,0,0
